<!DOCTYPE mapper PUBLIC "-//mybatis.org//DTD Mapper 3.0//EN" "http://mybatis.org/dtd/mybatis-3-mapper.dtd">
<mapper namespace="memberMapper">
	<insert id="registerMember" parameterType="Member">
		INSERT INTO member(id, password, name, email, address, phone, nickname, gender, resident)
		VALUES(#{id}, #{password}, #{name}, #{email}, #{address}, #{phone}, #{nickname}, #{gender}, #{resident})
	</insert>
	
	<select id="getMemberById" parameterType="String" resultType="Member">
		SELECT * FROM member
		WHERE id=#{id}
	</select>
	
		<select id="getMemberByPassword" parameterType="String" resultType="Member">
		SELECT * FROM member
		WHERE id=#{id} AND password=#{password}
	</select>
	
	<update id="updateMember" parameterType="Member">
		UPDATE member SET nickname=#{nickname}, email=#{email}, phone=#{phone}, phone=#{phone} 
		WHERE id=#{id} AND password=#{password}
	</update>
</mapper>



































